question,answer
Bharat ke pradhan mantri kaun hain?,Narendra Modi
Taj Mahal kahan sthit hai?,Agra mein
Dilli Bharat ki rajdhani hai ya nahi?,Haan
Bharat ka rashtriya pakshi kaun sa hai?,Mor
Bharat ka sabse bada rajya kaunsa hai?,Rajasthan
RBI ka full form kya hai?,Reserve Bank of India
Hawa Mahal kis sheher mein hai?,Jaipur
Bharat ki rashtriya bhasha kya hai?,Hindi
Olympics kitne saal mein hote hain?,4 saal mein
World War 2 kab khatam hua tha?,1945
Bharat ke pradhan mantri kaun hain?,Narendra Modi
Taj Mahal kahan sthit hai?,Agra mein
Dilli Bharat ki rajdhani hai ya nahi?,Haan
Bharat ka rashtriya pakshi kaun sa hai?,Mor
Bharat ka sabse bada rajya kaunsa hai?,Rajasthan
RBI ka full form kya hai?,Reserve Bank of India
Hawa Mahal kis sheher mein hai?,Jaipur
Bharat ki rashtriya bhasha kya hai?,Hindi
Olympics kitne saal mein hote hain?,4 saal mein
World War 2 kab khatam hua tha?,1945
Bharat ke pradhan mantri kaun hain?,Narendra Modi
Taj Mahal kahan sthit hai?,Agra mein
Dilli Bharat ki rajdhani hai ya nahi?,Haan
Bharat ka rashtriya pakshi kaun sa hai?,Mor
Bharat ka sabse bada rajya kaunsa hai?,Rajasthan
RBI ka full form kya hai?,Reserve Bank of India
Hawa Mahal kis sheher mein hai?,Jaipur
Bharat ki rashtriya bhasha kya hai?,Hindi
Olympics kitne saal mein hote hain?,4 saal mein
World War 2 kab khatam hua tha?,1945
Bharat ke pradhan mantri kaun hain?,Narendra Modi
Taj Mahal kahan sthit hai?,Agra mein
Dilli Bharat ki rajdhani hai ya nahi?,Haan
Bharat ka rashtriya pakshi kaun sa hai?,Mor
Bharat ka sabse bada rajya kaunsa hai?,Rajasthan
RBI ka full form kya hai?,Reserve Bank of India
Hawa Mahal kis sheher mein hai?,Jaipur
Bharat ki rashtriya bhasha kya hai?,Hindi
Olympics kitne saal mein hote hain?,4 saal mein
World War 2 kab khatam hua tha?,1945
Bharat ke pradhan mantri kaun hain?,Narendra Modi
Taj Mahal kahan sthit hai?,Agra mein
Dilli Bharat ki rajdhani hai ya nahi?,Haan
Bharat ka rashtriya pakshi kaun sa hai?,Mor
Bharat ka sabse bada rajya kaunsa hai?,Rajasthan
RBI ka full form kya hai?,Reserve Bank of India
Hawa Mahal kis sheher mein hai?,Jaipur
Bharat ki rashtriya bhasha kya hai?,Hindi
Olympics kitne saal mein hote hain?,4 saal mein
World War 2 kab khatam hua tha?,1945
Bharat ke pradhan mantri kaun hain?,Narendra Modi
Taj Mahal kahan sthit hai?,Agra mein
Dilli Bharat ki rajdhani hai ya nahi?,Haan
Bharat ka rashtriya pakshi kaun sa hai?,Mor
Bharat ka sabse bada rajya kaunsa hai?,Rajasthan
RBI ka full form kya hai?,Reserve Bank of India
Hawa Mahal kis sheher mein hai?,Jaipur
Bharat ki rashtriya bhasha kya hai?,Hindi
Olympics kitne saal mein hote hain?,4 saal mein
World War 2 kab khatam hua tha?,1945
Bharat ke pradhan mantri kaun hain?,Narendra Modi
Taj Mahal kahan sthit hai?,Agra mein
Dilli Bharat ki rajdhani hai ya nahi?,Haan
Bharat ka rashtriya pakshi kaun sa hai?,Mor
Bharat ka sabse bada rajya kaunsa hai?,Rajasthan
RBI ka full form kya hai?,Reserve Bank of India
Hawa Mahal kis sheher mein hai?,Jaipur
Bharat ki rashtriya bhasha kya hai?,Hindi
Olympics kitne saal mein hote hain?,4 saal mein
World War 2 kab khatam hua tha?,1945
Bharat ke pradhan mantri kaun hain?,Narendra Modi
Taj Mahal kahan sthit hai?,Agra mein
Dilli Bharat ki rajdhani hai ya nahi?,Haan
Bharat ka rashtriya pakshi kaun sa hai?,Mor
Bharat ka sabse bada rajya kaunsa hai?,Rajasthan
RBI ka full form kya hai?,Reserve Bank of India
Hawa Mahal kis sheher mein hai?,Jaipur
Bharat ki rashtriya bhasha kya hai?,Hindi
Olympics kitne saal mein hote hain?,4 saal mein
World War 2 kab khatam hua tha?,1945
Bharat ke pradhan mantri kaun hain?,Narendra Modi
Taj Mahal kahan sthit hai?,Agra mein
Dilli Bharat ki rajdhani hai ya nahi?,Haan
Bharat ka rashtriya pakshi kaun sa hai?,Mor
Bharat ka sabse bada rajya kaunsa hai?,Rajasthan
RBI ka full form kya hai?,Reserve Bank of India
Hawa Mahal kis sheher mein hai?,Jaipur
Bharat ki rashtriya bhasha kya hai?,Hindi
Olympics kitne saal mein hote hain?,4 saal mein
World War 2 kab khatam hua tha?,1945
Bharat ke pradhan mantri kaun hain?,Narendra Modi
Taj Mahal kahan sthit hai?,Agra mein
Dilli Bharat ki rajdhani hai ya nahi?,Haan
Bharat ka rashtriya pakshi kaun sa hai?,Mor
Bharat ka sabse bada rajya kaunsa hai?,Rajasthan
RBI ka full form kya hai?,Reserve Bank of India
Hawa Mahal kis sheher mein hai?,Jaipur
Bharat ki rashtriya bhasha kya hai?,Hindi
Olympics kitne saal mein hote hain?,4 saal mein
World War 2 kab khatam hua tha?,1945
Bharat ke pradhan mantri kaun hain?,Narendra Modi
Taj Mahal kahan sthit hai?,Agra mein
Dilli Bharat ki rajdhani hai ya nahi?,Haan
Bharat ka rashtriya pakshi kaun sa hai?,Mor
Bharat ka sabse bada rajya kaunsa hai?,Rajasthan
RBI ka full form kya hai?,Reserve Bank of India
Hawa Mahal kis sheher mein hai?,Jaipur
Bharat ki rashtriya bhasha kya hai?,Hindi
Olympics kitne saal mein hote hain?,4 saal mein
World War 2 kab khatam hua tha?,1945
Bharat ke pradhan mantri kaun hain?,Narendra Modi
Taj Mahal kahan sthit hai?,Agra mein
Dilli Bharat ki rajdhani hai ya nahi?,Haan
Bharat ka rashtriya pakshi kaun sa hai?,Mor
Bharat ka sabse bada rajya kaunsa hai?,Rajasthan
RBI ka full form kya hai?,Reserve Bank of India
Hawa Mahal kis sheher mein hai?,Jaipur
Bharat ki rashtriya bhasha kya hai?,Hindi
Olympics kitne saal mein hote hain?,4 saal mein
World War 2 kab khatam hua tha?,1945
Bharat ke pradhan mantri kaun hain?,Narendra Modi
Taj Mahal kahan sthit hai?,Agra mein
Dilli Bharat ki rajdhani hai ya nahi?,Haan
Bharat ka rashtriya pakshi kaun sa hai?,Mor
Bharat ka sabse bada rajya kaunsa hai?,Rajasthan
RBI ka full form kya hai?,Reserve Bank of India
Hawa Mahal kis sheher mein hai?,Jaipur
Bharat ki rashtriya bhasha kya hai?,Hindi
Olympics kitne saal mein hote hain?,4 saal mein
World War 2 kab khatam hua tha?,1945
Bharat ke pradhan mantri kaun hain?,Narendra Modi
Taj Mahal kahan sthit hai?,Agra mein
Dilli Bharat ki rajdhani hai ya nahi?,Haan
Bharat ka rashtriya pakshi kaun sa hai?,Mor
Bharat ka sabse bada rajya kaunsa hai?,Rajasthan
RBI ka full form kya hai?,Reserve Bank of India
Hawa Mahal kis sheher mein hai?,Jaipur
Bharat ki rashtriya bhasha kya hai?,Hindi
Olympics kitne saal mein hote hain?,4 saal mein
World War 2 kab khatam hua tha?,1945
Bharat ke pradhan mantri kaun hain?,Narendra Modi
Taj Mahal kahan sthit hai?,Agra mein
Dilli Bharat ki rajdhani hai ya nahi?,Haan
Bharat ka rashtriya pakshi kaun sa hai?,Mor
Bharat ka sabse bada rajya kaunsa hai?,Rajasthan
RBI ka full form kya hai?,Reserve Bank of India
Hawa Mahal kis sheher mein hai?,Jaipur
Bharat ki rashtriya bhasha kya hai?,Hindi
Olympics kitne saal mein hote hain?,4 saal mein
World War 2 kab khatam hua tha?,1945
Bharat ke pradhan mantri kaun hain?,Narendra Modi
Taj Mahal kahan sthit hai?,Agra mein
Dilli Bharat ki rajdhani hai ya nahi?,Haan
Bharat ka rashtriya pakshi kaun sa hai?,Mor
Bharat ka sabse bada rajya kaunsa hai?,Rajasthan
RBI ka full form kya hai?,Reserve Bank of India
Hawa Mahal kis sheher mein hai?,Jaipur
Bharat ki rashtriya bhasha kya hai?,Hindi
Olympics kitne saal mein hote hain?,4 saal mein
World War 2 kab khatam hua tha?,1945
Bharat ke pradhan mantri kaun hain?,Narendra Modi
Taj Mahal kahan sthit hai?,Agra mein
Dilli Bharat ki rajdhani hai ya nahi?,Haan
Bharat ka rashtriya pakshi kaun sa hai?,Mor
Bharat ka sabse bada rajya kaunsa hai?,Rajasthan
RBI ka full form kya hai?,Reserve Bank of India
Hawa Mahal kis sheher mein hai?,Jaipur
Bharat ki rashtriya bhasha kya hai?,Hindi
Olympics kitne saal mein hote hain?,4 saal mein
World War 2 kab khatam hua tha?,1945
Bharat ke pradhan mantri kaun hain?,Narendra Modi
Taj Mahal kahan sthit hai?,Agra mein
Dilli Bharat ki rajdhani hai ya nahi?,Haan
Bharat ka rashtriya pakshi kaun sa hai?,Mor
Bharat ka sabse bada rajya kaunsa hai?,Rajasthan
RBI ka full form kya hai?,Reserve Bank of India
Hawa Mahal kis sheher mein hai?,Jaipur
Bharat ki rashtriya bhasha kya hai?,Hindi
Olympics kitne saal mein hote hain?,4 saal mein
World War 2 kab khatam hua tha?,1945
Bharat ke pradhan mantri kaun hain?,Narendra Modi
Taj Mahal kahan sthit hai?,Agra mein
Dilli Bharat ki rajdhani hai ya nahi?,Haan
Bharat ka rashtriya pakshi kaun sa hai?,Mor
Bharat ka sabse bada rajya kaunsa hai?,Rajasthan
RBI ka full form kya hai?,Reserve Bank of India
Hawa Mahal kis sheher mein hai?,Jaipur
Bharat ki rashtriya bhasha kya hai?,Hindi
Olympics kitne saal mein hote hain?,4 saal mein
World War 2 kab khatam hua tha?,1945
Bharat ke pradhan mantri kaun hain?,Narendra Modi
Taj Mahal kahan sthit hai?,Agra mein
Dilli Bharat ki rajdhani hai ya nahi?,Haan
Bharat ka rashtriya pakshi kaun sa hai?,Mor
Bharat ka sabse bada rajya kaunsa hai?,Rajasthan
RBI ka full form kya hai?,Reserve Bank of India
Hawa Mahal kis sheher mein hai?,Jaipur
Bharat ki rashtriya bhasha kya hai?,Hindi
Olympics kitne saal mein hote hain?,4 saal mein
World War 2 kab khatam hua tha?,1945
Bharat ke pradhan mantri kaun hain?,Narendra Modi
Taj Mahal kahan sthit hai?,Agra mein
Dilli Bharat ki rajdhani hai ya nahi?,Haan
Bharat ka rashtriya pakshi kaun sa hai?,Mor
Bharat ka sabse bada rajya kaunsa hai?,Rajasthan
RBI ka full form kya hai?,Reserve Bank of India
Hawa Mahal kis sheher mein hai?,Jaipur
Bharat ki rashtriya bhasha kya hai?,Hindi
Olympics kitne saal mein hote hain?,4 saal mein
World War 2 kab khatam hua tha?,1945
Bharat ke pradhan mantri kaun hain?,Narendra Modi
Taj Mahal kahan sthit hai?,Agra mein
Dilli Bharat ki rajdhani hai ya nahi?,Haan
Bharat ka rashtriya pakshi kaun sa hai?,Mor
Bharat ka sabse bada rajya kaunsa hai?,Rajasthan
RBI ka full form kya hai?,Reserve Bank of India
Hawa Mahal kis sheher mein hai?,Jaipur
Bharat ki rashtriya bhasha kya hai?,Hindi
Olympics kitne saal mein hote hain?,4 saal mein
World War 2 kab khatam hua tha?,1945
Bharat ke pradhan mantri kaun hain?,Narendra Modi
Taj Mahal kahan sthit hai?,Agra mein
Dilli Bharat ki rajdhani hai ya nahi?,Haan
Bharat ka rashtriya pakshi kaun sa hai?,Mor
Bharat ka sabse bada rajya kaunsa hai?,Rajasthan
RBI ka full form kya hai?,Reserve Bank of India
Hawa Mahal kis sheher mein hai?,Jaipur
Bharat ki rashtriya bhasha kya hai?,Hindi
Olympics kitne saal mein hote hain?,4 saal mein
World War 2 kab khatam hua tha?,1945
Bharat ke pradhan mantri kaun hain?,Narendra Modi
Taj Mahal kahan sthit hai?,Agra mein
Dilli Bharat ki rajdhani hai ya nahi?,Haan
Bharat ka rashtriya pakshi kaun sa hai?,Mor
Bharat ka sabse bada rajya kaunsa hai?,Rajasthan
RBI ka full form kya hai?,Reserve Bank of India
Hawa Mahal kis sheher mein hai?,Jaipur
Bharat ki rashtriya bhasha kya hai?,Hindi
Olympics kitne saal mein hote hain?,4 saal mein
World War 2 kab khatam hua tha?,1945
Bharat ke pradhan mantri kaun hain?,Narendra Modi
Taj Mahal kahan sthit hai?,Agra mein
Dilli Bharat ki rajdhani hai ya nahi?,Haan
Bharat ka rashtriya pakshi kaun sa hai?,Mor
Bharat ka sabse bada rajya kaunsa hai?,Rajasthan
RBI ka full form kya hai?,Reserve Bank of India
Hawa Mahal kis sheher mein hai?,Jaipur
Bharat ki rashtriya bhasha kya hai?,Hindi
Olympics kitne saal mein hote hain?,4 saal mein
World War 2 kab khatam hua tha?,1945
Bharat ke pradhan mantri kaun hain?,Narendra Modi
Taj Mahal kahan sthit hai?,Agra mein
Dilli Bharat ki rajdhani hai ya nahi?,Haan
Bharat ka rashtriya pakshi kaun sa hai?,Mor
Bharat ka sabse bada rajya kaunsa hai?,Rajasthan
RBI ka full form kya hai?,Reserve Bank of India
Hawa Mahal kis sheher mein hai?,Jaipur
Bharat ki rashtriya bhasha kya hai?,Hindi
Olympics kitne saal mein hote hain?,4 saal mein
World War 2 kab khatam hua tha?,1945
Bharat ke pradhan mantri kaun hain?,Narendra Modi
Taj Mahal kahan sthit hai?,Agra mein
Dilli Bharat ki rajdhani hai ya nahi?,Haan
Bharat ka rashtriya pakshi kaun sa hai?,Mor
Bharat ka sabse bada rajya kaunsa hai?,Rajasthan
RBI ka full form kya hai?,Reserve Bank of India
Hawa Mahal kis sheher mein hai?,Jaipur
Bharat ki rashtriya bhasha kya hai?,Hindi
Olympics kitne saal mein hote hain?,4 saal mein
World War 2 kab khatam hua tha?,1945
Bharat ke pradhan mantri kaun hain?,Narendra Modi
Taj Mahal kahan sthit hai?,Agra mein
Dilli Bharat ki rajdhani hai ya nahi?,Haan
Bharat ka rashtriya pakshi kaun sa hai?,Mor
Bharat ka sabse bada rajya kaunsa hai?,Rajasthan
RBI ka full form kya hai?,Reserve Bank of India
Hawa Mahal kis sheher mein hai?,Jaipur
Bharat ki rashtriya bhasha kya hai?,Hindi
Olympics kitne saal mein hote hain?,4 saal mein
World War 2 kab khatam hua tha?,1945
Bharat ke pradhan mantri kaun hain?,Narendra Modi
Taj Mahal kahan sthit hai?,Agra mein
Dilli Bharat ki rajdhani hai ya nahi?,Haan
Bharat ka rashtriya pakshi kaun sa hai?,Mor
Bharat ka sabse bada rajya kaunsa hai?,Rajasthan
RBI ka full form kya hai?,Reserve Bank of India
Hawa Mahal kis sheher mein hai?,Jaipur
Bharat ki rashtriya bhasha kya hai?,Hindi
Olympics kitne saal mein hote hain?,4 saal mein
World War 2 kab khatam hua tha?,1945
Bharat ke pradhan mantri kaun hain?,Narendra Modi
Taj Mahal kahan sthit hai?,Agra mein
Dilli Bharat ki rajdhani hai ya nahi?,Haan
Bharat ka rashtriya pakshi kaun sa hai?,Mor
Bharat ka sabse bada rajya kaunsa hai?,Rajasthan
RBI ka full form kya hai?,Reserve Bank of India
Hawa Mahal kis sheher mein hai?,Jaipur
Bharat ki rashtriya bhasha kya hai?,Hindi
Olympics kitne saal mein hote hain?,4 saal mein
World War 2 kab khatam hua tha?,1945
Bharat ke pradhan mantri kaun hain?,Narendra Modi
Taj Mahal kahan sthit hai?,Agra mein
Dilli Bharat ki rajdhani hai ya nahi?,Haan
Bharat ka rashtriya pakshi kaun sa hai?,Mor
Bharat ka sabse bada rajya kaunsa hai?,Rajasthan
RBI ka full form kya hai?,Reserve Bank of India
Hawa Mahal kis sheher mein hai?,Jaipur
Bharat ki rashtriya bhasha kya hai?,Hindi
Olympics kitne saal mein hote hain?,4 saal mein
World War 2 kab khatam hua tha?,1945
Bharat ke pradhan mantri kaun hain?,Narendra Modi
Taj Mahal kahan sthit hai?,Agra mein
Dilli Bharat ki rajdhani hai ya nahi?,Haan
Bharat ka rashtriya pakshi kaun sa hai?,Mor
Bharat ka sabse bada rajya kaunsa hai?,Rajasthan
RBI ka full form kya hai?,Reserve Bank of India
Hawa Mahal kis sheher mein hai?,Jaipur
Bharat ki rashtriya bhasha kya hai?,Hindi
Olympics kitne saal mein hote hain?,4 saal mein
World War 2 kab khatam hua tha?,1945
Bharat ke pradhan mantri kaun hain?,Narendra Modi
Taj Mahal kahan sthit hai?,Agra mein
Dilli Bharat ki rajdhani hai ya nahi?,Haan
Bharat ka rashtriya pakshi kaun sa hai?,Mor
Bharat ka sabse bada rajya kaunsa hai?,Rajasthan
RBI ka full form kya hai?,Reserve Bank of India
Hawa Mahal kis sheher mein hai?,Jaipur
Bharat ki rashtriya bhasha kya hai?,Hindi
Olympics kitne saal mein hote hain?,4 saal mein
World War 2 kab khatam hua tha?,1945
Bharat ke pradhan mantri kaun hain?,Narendra Modi
Taj Mahal kahan sthit hai?,Agra mein
Dilli Bharat ki rajdhani hai ya nahi?,Haan
Bharat ka rashtriya pakshi kaun sa hai?,Mor
Bharat ka sabse bada rajya kaunsa hai?,Rajasthan
RBI ka full form kya hai?,Reserve Bank of India
Hawa Mahal kis sheher mein hai?,Jaipur
Bharat ki rashtriya bhasha kya hai?,Hindi
Olympics kitne saal mein hote hain?,4 saal mein
World War 2 kab khatam hua tha?,1945
Bharat ke pradhan mantri kaun hain?,Narendra Modi
Taj Mahal kahan sthit hai?,Agra mein
Dilli Bharat ki rajdhani hai ya nahi?,Haan
Bharat ka rashtriya pakshi kaun sa hai?,Mor
Bharat ka sabse bada rajya kaunsa hai?,Rajasthan
RBI ka full form kya hai?,Reserve Bank of India
Hawa Mahal kis sheher mein hai?,Jaipur
Bharat ki rashtriya bhasha kya hai?,Hindi
Olympics kitne saal mein hote hain?,4 saal mein
World War 2 kab khatam hua tha?,1945
Bharat ke pradhan mantri kaun hain?,Narendra Modi
Taj Mahal kahan sthit hai?,Agra mein
Dilli Bharat ki rajdhani hai ya nahi?,Haan
Bharat ka rashtriya pakshi kaun sa hai?,Mor
Bharat ka sabse bada rajya kaunsa hai?,Rajasthan
RBI ka full form kya hai?,Reserve Bank of India
Hawa Mahal kis sheher mein hai?,Jaipur
Bharat ki rashtriya bhasha kya hai?,Hindi
Olympics kitne saal mein hote hain?,4 saal mein
World War 2 kab khatam hua tha?,1945
Bharat ke pradhan mantri kaun hain?,Narendra Modi
Taj Mahal kahan sthit hai?,Agra mein
Dilli Bharat ki rajdhani hai ya nahi?,Haan
Bharat ka rashtriya pakshi kaun sa hai?,Mor
Bharat ka sabse bada rajya kaunsa hai?,Rajasthan
RBI ka full form kya hai?,Reserve Bank of India
Hawa Mahal kis sheher mein hai?,Jaipur
Bharat ki rashtriya bhasha kya hai?,Hindi
Olympics kitne saal mein hote hain?,4 saal mein
World War 2 kab khatam hua tha?,1945
Bharat ke pradhan mantri kaun hain?,Narendra Modi
Taj Mahal kahan sthit hai?,Agra mein
Dilli Bharat ki rajdhani hai ya nahi?,Haan
Bharat ka rashtriya pakshi kaun sa hai?,Mor
Bharat ka sabse bada rajya kaunsa hai?,Rajasthan
RBI ka full form kya hai?,Reserve Bank of India
Hawa Mahal kis sheher mein hai?,Jaipur
Bharat ki rashtriya bhasha kya hai?,Hindi
Olympics kitne saal mein hote hain?,4 saal mein
World War 2 kab khatam hua tha?,1945
Bharat ke pradhan mantri kaun hain?,Narendra Modi
Taj Mahal kahan sthit hai?,Agra mein
Dilli Bharat ki rajdhani hai ya nahi?,Haan
Bharat ka rashtriya pakshi kaun sa hai?,Mor
Bharat ka sabse bada rajya kaunsa hai?,Rajasthan
RBI ka full form kya hai?,Reserve Bank of India
Hawa Mahal kis sheher mein hai?,Jaipur
Bharat ki rashtriya bhasha kya hai?,Hindi
Olympics kitne saal mein hote hain?,4 saal mein
World War 2 kab khatam hua tha?,1945
Bharat ke pradhan mantri kaun hain?,Narendra Modi
Taj Mahal kahan sthit hai?,Agra mein
Dilli Bharat ki rajdhani hai ya nahi?,Haan
Bharat ka rashtriya pakshi kaun sa hai?,Mor
Bharat ka sabse bada rajya kaunsa hai?,Rajasthan
RBI ka full form kya hai?,Reserve Bank of India
Hawa Mahal kis sheher mein hai?,Jaipur
Bharat ki rashtriya bhasha kya hai?,Hindi
Olympics kitne saal mein hote hain?,4 saal mein
World War 2 kab khatam hua tha?,1945
Bharat ke pradhan mantri kaun hain?,Narendra Modi
Taj Mahal kahan sthit hai?,Agra mein
Dilli Bharat ki rajdhani hai ya nahi?,Haan
Bharat ka rashtriya pakshi kaun sa hai?,Mor
Bharat ka sabse bada rajya kaunsa hai?,Rajasthan
RBI ka full form kya hai?,Reserve Bank of India
Hawa Mahal kis sheher mein hai?,Jaipur
Bharat ki rashtriya bhasha kya hai?,Hindi
Olympics kitne saal mein hote hain?,4 saal mein
World War 2 kab khatam hua tha?,1945
Bharat ke pradhan mantri kaun hain?,Narendra Modi
Taj Mahal kahan sthit hai?,Agra mein
Dilli Bharat ki rajdhani hai ya nahi?,Haan
Bharat ka rashtriya pakshi kaun sa hai?,Mor
Bharat ka sabse bada rajya kaunsa hai?,Rajasthan
RBI ka full form kya hai?,Reserve Bank of India
Hawa Mahal kis sheher mein hai?,Jaipur
Bharat ki rashtriya bhasha kya hai?,Hindi
Olympics kitne saal mein hote hain?,4 saal mein
World War 2 kab khatam hua tha?,1945
Bharat ke pradhan mantri kaun hain?,Narendra Modi
Taj Mahal kahan sthit hai?,Agra mein
Dilli Bharat ki rajdhani hai ya nahi?,Haan
Bharat ka rashtriya pakshi kaun sa hai?,Mor
Bharat ka sabse bada rajya kaunsa hai?,Rajasthan
RBI ka full form kya hai?,Reserve Bank of India
Hawa Mahal kis sheher mein hai?,Jaipur
Bharat ki rashtriya bhasha kya hai?,Hindi
Olympics kitne saal mein hote hain?,4 saal mein
World War 2 kab khatam hua tha?,1945
Bharat ke pradhan mantri kaun hain?,Narendra Modi
Taj Mahal kahan sthit hai?,Agra mein
Dilli Bharat ki rajdhani hai ya nahi?,Haan
Bharat ka rashtriya pakshi kaun sa hai?,Mor
Bharat ka sabse bada rajya kaunsa hai?,Rajasthan
RBI ka full form kya hai?,Reserve Bank of India
Hawa Mahal kis sheher mein hai?,Jaipur
Bharat ki rashtriya bhasha kya hai?,Hindi
Olympics kitne saal mein hote hain?,4 saal mein
World War 2 kab khatam hua tha?,1945
Bharat ke pradhan mantri kaun hain?,Narendra Modi
Taj Mahal kahan sthit hai?,Agra mein
Dilli Bharat ki rajdhani hai ya nahi?,Haan
Bharat ka rashtriya pakshi kaun sa hai?,Mor
Bharat ka sabse bada rajya kaunsa hai?,Rajasthan
RBI ka full form kya hai?,Reserve Bank of India
Hawa Mahal kis sheher mein hai?,Jaipur
Bharat ki rashtriya bhasha kya hai?,Hindi
Olympics kitne saal mein hote hain?,4 saal mein
World War 2 kab khatam hua tha?,1945
Bharat ke pradhan mantri kaun hain?,Narendra Modi
Taj Mahal kahan sthit hai?,Agra mein
Dilli Bharat ki rajdhani hai ya nahi?,Haan
Bharat ka rashtriya pakshi kaun sa hai?,Mor
Bharat ka sabse bada rajya kaunsa hai?,Rajasthan
RBI ka full form kya hai?,Reserve Bank of India
Hawa Mahal kis sheher mein hai?,Jaipur
Bharat ki rashtriya bhasha kya hai?,Hindi
Olympics kitne saal mein hote hain?,4 saal mein
World War 2 kab khatam hua tha?,1945
Bharat ke pradhan mantri kaun hain?,Narendra Modi
Taj Mahal kahan sthit hai?,Agra mein
Dilli Bharat ki rajdhani hai ya nahi?,Haan
Bharat ka rashtriya pakshi kaun sa hai?,Mor
Bharat ka sabse bada rajya kaunsa hai?,Rajasthan
RBI ka full form kya hai?,Reserve Bank of India
Hawa Mahal kis sheher mein hai?,Jaipur
Bharat ki rashtriya bhasha kya hai?,Hindi
Olympics kitne saal mein hote hain?,4 saal mein
World War 2 kab khatam hua tha?,1945
Bharat ke pradhan mantri kaun hain?,Narendra Modi
Taj Mahal kahan sthit hai?,Agra mein
Dilli Bharat ki rajdhani hai ya nahi?,Haan
Bharat ka rashtriya pakshi kaun sa hai?,Mor
Bharat ka sabse bada rajya kaunsa hai?,Rajasthan
RBI ka full form kya hai?,Reserve Bank of India
Hawa Mahal kis sheher mein hai?,Jaipur
Bharat ki rashtriya bhasha kya hai?,Hindi
Olympics kitne saal mein hote hain?,4 saal mein
World War 2 kab khatam hua tha?,1945
Bharat ke pradhan mantri kaun hain?,Narendra Modi
Taj Mahal kahan sthit hai?,Agra mein
Dilli Bharat ki rajdhani hai ya nahi?,Haan
Bharat ka rashtriya pakshi kaun sa hai?,Mor
Bharat ka sabse bada rajya kaunsa hai?,Rajasthan
RBI ka full form kya hai?,Reserve Bank of India
Hawa Mahal kis sheher mein hai?,Jaipur
Bharat ki rashtriya bhasha kya hai?,Hindi
Olympics kitne saal mein hote hain?,4 saal mein
World War 2 kab khatam hua tha?,1945
Bharat ke pradhan mantri kaun hain?,Narendra Modi
Taj Mahal kahan sthit hai?,Agra mein
Dilli Bharat ki rajdhani hai ya nahi?,Haan
Bharat ka rashtriya pakshi kaun sa hai?,Mor
Bharat ka sabse bada rajya kaunsa hai?,Rajasthan
RBI ka full form kya hai?,Reserve Bank of India
Hawa Mahal kis sheher mein hai?,Jaipur
Bharat ki rashtriya bhasha kya hai?,Hindi
Olympics kitne saal mein hote hain?,4 saal mein
World War 2 kab khatam hua tha?,1945
